<?xml version="1.0" encoding="UTF-8"?><FileNetExportCatalog version="1">
	<DeploymentTreeLocation/>
	<SourceEnvironment/>
	<ExportOperationFile>DeploymentOperation_Export.xml</ExportOperationFile>
	<ExportManifestFile>manifest.xml</ExportManifestFile>
	<ExportLogFile/>
	<ConvertOperationFile/>
	<SourcePrimaryObjectStoreName>dos</SourcePrimaryObjectStoreName>
	<ExportStartTime>2020-11-19 05:03:37 UTC</ExportStartTime>
	<DatasetFiles>
		<DatasetFile>deployDataSet1.xml</DatasetFile>
	</DatasetFiles>
	<ObjectListFile>ObjectList.xml</ObjectListFile>
	<NumberOfObjectsExported>65</NumberOfObjectsExported>
	<ExportEndTime>2020-11-19 05:03:39 UTC</ExportEndTime>
		<DestinationEnvironment/>
	<DestinationPrimaryObjectStoreName>dos</DestinationPrimaryObjectStoreName>
</FileNetExportCatalog>